{"stats":{"minecraft:crafted":{"minecraft:crafting_table":1,"minecraft:acacia_planks":20},"minecraft:mined":{"minecraft:short_grass":8,"minecraft:acacia_log":5},"minecraft:dropped":{"minecraft:wheat_seeds":1,"minecraft:sticky_piston":1,"minecraft:end_crystal":1},"minecraft:picked_up":{"minecraft:sculk_catalyst":1,"minecraft:stick":128,"minecraft:feather":1,"minecraft:repeater":2,"minecraft:cooked_beef":2,"minecraft:chicken":3,"minecraft:creeper_head":1,"minecraft:anvil":1,"minecraft:brush":2,"minecraft:acacia_log":5,"minecraft:crafter":1,"minecraft:music_disc_creator":1,"minecraft:music_disc_pigstep":2,"minecraft:gunpowder":7,"minecraft:redstone":7,"minecraft:end_crystal":1,"minecraft:dirt":41,"minecraft:sticky_piston":1,"minecraft:cooked_mutton":2,"minecraft:acacia_planks":16,"minecraft:bow":1,"minecraft:stone_axe":1,"minecraft:wheat_seeds":11,"minecraft:lever":3,"minecraft:comparator":1,"minecraft:armadillo_scute":1,"minecraft:redstone_torch":2,"minecraft:mutton":2,"minecraft:obsidian":1,"minecraft:oak_planks":115,"minecraft:white_wool":3,"minecraft:cobblestone":6,"minecraft:egg":7},"minecraft:killed_by":{"minecraft:player":1,"minecraft:creeper":1},"minecraft:killed":{"minecraft:sheep":1,"minecraft:donkey":1,"minecraft:zombie":1,"minecraft:chicken":2,"minecraft:warden":2,"minecraft:creeper":1},"minecraft:custom":{"minecraft:time_since_rest":19590,"minecraft:sprint_one_cm":20171,"minecraft:damage_taken":591,"minecraft:walk_one_cm":112043,"minecraft:interact_with_anvil":3,"minecraft:mob_kills":8,"minecraft:drop":3,"minecraft:damage_dealt":10756,"minecraft:fly_one_cm":313771,"minecraft:crouch_one_cm":5985,"minecraft:play_time":83291,"minecraft:deaths":2,"minecraft:sneak_time":5042,"minecraft:jump":495,"minecraft:leave_game":1,"minecraft:time_since_death":19438,"minecraft:total_world_time":83291,"minecraft:fall_one_cm":10831},"minecraft:used":{"minecraft:redstone_torch":9,"minecraft:enderman_spawn_egg":1,"minecraft:sticky_piston":6,"minecraft:lever":4,"minecraft:mace":27,"minecraft:flint_and_steel":4,"minecraft:wind_charge":194,"minecraft:redstone":43,"minecraft:spruce_button":2,"minecraft:oak_planks":16,"minecraft:redstone_block":92,"minecraft:repeater":10,"minecraft:dirt":280,"minecraft:bow":80,"minecraft:anvil":1,"minecraft:comparator":7,"minecraft:end_crystal":16,"minecraft:tnt":103,"minecraft:crafter":11,"minecraft:glass_pane":22,"minecraft:egg":11,"minecraft:brush":2,"minecraft:painting":4,"minecraft:acacia_planks":5,"minecraft:creeper_spawn_egg":258,"minecraft:obsidian":1}},"DataVersion":3953}