{"stats":{"minecraft:dropped":{"minecraft:brush":1},"minecraft:picked_up":{"minecraft:music_disc_5":1,"minecraft:crafting_table":1,"minecraft:repeater":4,"minecraft:creeper_head":1,"minecraft:anvil":1,"minecraft:gunpowder":57,"minecraft:wind_charge":1,"minecraft:dirt":27,"minecraft:string":2,"minecraft:bow":1,"minecraft:wheat_seeds":3,"minecraft:creeper_spawn_egg":64,"minecraft:cobbled_deepslate":48,"minecraft:trial_key":1,"minecraft:tall_grass":1,"minecraft:egg":1,"minecraft:stick":20,"minecraft:mace":1,"minecraft:redstone":3,"minecraft:firework_rocket":64,"minecraft:arrow":2,"minecraft:lever":32,"minecraft:armadillo_scute":1,"minecraft:obsidian":2,"minecraft:ominous_trial_key":1,"minecraft:coal":1,"minecraft:cobblestone":23},"minecraft:killed_by":{"minecraft:player":3,"minecraft:creeper":2},"minecraft:killed":{"minecraft:armadillo":3,"minecraft:spider":1,"minecraft:creeper":2,"minecraft:sheep":1,"minecraft:chicken":5},"minecraft:custom":{"minecraft:inspect_dropper":1,"minecraft:interact_with_anvil":1,"minecraft:mob_kills":13,"minecraft:play_record":1,"minecraft:leave_game":1,"minecraft:time_since_death":0,"minecraft:time_since_rest":122,"minecraft:walk_one_cm":161372,"minecraft:sprint_one_cm":9498,"minecraft:damage_taken":8629,"minecraft:damage_absorbed":240,"minecraft:damage_blocked_by_shield":234,"minecraft:drop":1,"minecraft:damage_dealt":1736,"minecraft:target_hit":1,"minecraft:fly_one_cm":332877,"minecraft:player_kills":2,"minecraft:crouch_one_cm":5613,"minecraft:play_time":80287,"minecraft:deaths":10,"minecraft:sneak_time":2326,"minecraft:walk_under_water_one_cm":3749,"minecraft:jump":550,"minecraft:walk_on_water_one_cm":516,"minecraft:total_world_time":80287,"minecraft:fall_one_cm":60148,"minecraft:inspect_dispenser":3},"minecraft:used":{"minecraft:trident":20,"minecraft:weathered_copper_bulb":3,"minecraft:dropper":2,"minecraft:dispenser":3,"minecraft:redstone":53,"minecraft:shield":8,"minecraft:tinted_glass":4,"minecraft:dirt":2,"minecraft:spyglass":8,"minecraft:target":1,"minecraft:comparator":1,"minecraft:tnt":310,"minecraft:crossbow":4,"minecraft:painting":2,"minecraft:allay_spawn_egg":8,"minecraft:obsidian":38,"minecraft:warden_spawn_egg":3,"minecraft:creeper_spawn_egg":339,"minecraft:redstone_torch":41,"minecraft:oak_log":13,"minecraft:piston":7,"minecraft:ravager_spawn_egg":1,"minecraft:lever":21,"minecraft:mace":14,"minecraft:wind_charge":24,"minecraft:lantern":1,"minecraft:bamboo_hanging_sign":2,"minecraft:totem_of_undying":6,"minecraft:repeater":20,"minecraft:bow":145,"minecraft:cobblestone":9,"minecraft:sniffer_spawn_egg":1,"minecraft:end_crystal":46,"minecraft:bamboo_chest_raft":1,"minecraft:goat_horn":1,"minecraft:brush":13,"minecraft:jukebox":1}},"DataVersion":3953}