{"stats":{"minecraft:crafted":{"minecraft:cooked_beef":3,"minecraft:oak_planks":24,"minecraft:crafting_table":1,"minecraft:cooked_chicken":3,"minecraft:wooden_pickaxe":1,"minecraft:furnace":1,"minecraft:stone_axe":2,"minecraft:air":0,"minecraft:stick":8,"minecraft:stone_pickaxe":1},"minecraft:mined":{"minecraft:crafting_table":4,"minecraft:short_grass":21,"minecraft:grass_block":5,"minecraft:sugar_cane":2,"minecraft:furnace":1,"minecraft:oak_log":6,"minecraft:dirt":3,"minecraft:stone":17},"minecraft:dropped":{"minecraft:stone_axe":2,"minecraft:sugar_cane":6,"minecraft:cooked_beef":1,"minecraft:music_disc_5":1,"minecraft:tall_grass":1,"minecraft:granite":8,"minecraft:cooked_mutton":1,"minecraft:music_disc_pigstep":1,"minecraft:ominous_trial_key":1,"minecraft:music_disc_creator":1,"minecraft:wind_charge":1,"minecraft:dirt":22,"minecraft:mace":1,"minecraft:trial_key":1,"minecraft:stone_pickaxe":1,"minecraft:redstone":1},"minecraft:picked_up":{"minecraft:crafting_table":4,"minecraft:feather":4,"minecraft:repeater":1,"minecraft:chicken":3,"minecraft:leather":7,"minecraft:crafter":1,"minecraft:music_disc_creator":1,"minecraft:oak_log":6,"minecraft:netherite_leggings":1,"minecraft:dirt":108,"minecraft:string":1,"minecraft:cooked_mutton":1,"minecraft:bone":2,"minecraft:bow":2,"minecraft:creeper_spawn_egg":64,"minecraft:wheat_seeds":5,"minecraft:cobbled_deepslate":32,"minecraft:beef":11,"minecraft:stone_pickaxe":1,"minecraft:redstone_torch":1,"minecraft:sugar_cane":12,"minecraft:oak_planks":95,"minecraft:egg":3,"minecraft:furnace":1,"minecraft:stick":4,"minecraft:torch":1,"minecraft:gravel":2,"minecraft:porkchop":2,"minecraft:mace":1,"minecraft:music_disc_pigstep":1,"minecraft:redstone":3,"minecraft:end_crystal":1,"minecraft:firework_rocket":36,"minecraft:arrow":2,"minecraft:stone_axe":1,"minecraft:lever":3,"minecraft:granite":8,"minecraft:armadillo_scute":1,"minecraft:totem_of_undying":1,"minecraft:spruce_button":4,"minecraft:netherite_chestplate":1,"minecraft:oak_sapling":2,"minecraft:obsidian":1,"minecraft:mutton":4,"minecraft:white_wool":3,"minecraft:cobblestone":17},"minecraft:killed_by":{"minecraft:player":1,"minecraft:creeper":2},"minecraft:killed":{"minecraft:pig":1,"minecraft:spider":1,"minecraft:creeper":3,"minecraft:sheep":3,"minecraft:horse":2,"minecraft:skeleton":4,"minecraft:chicken":6,"minecraft:warden":1,"minecraft:enderman":1,"minecraft:cow":4},"minecraft:custom":{"minecraft:interact_with_furnace":5,"minecraft:mob_kills":27,"minecraft:interact_with_anvil":2,"minecraft:play_record":3,"minecraft:interact_with_crafting_table":5,"minecraft:leave_game":3,"minecraft:time_since_death":61,"minecraft:damage_resisted":241,"minecraft:time_since_rest":104,"minecraft:damage_absorbed":481,"minecraft:sprint_one_cm":55910,"minecraft:damage_taken":7231,"minecraft:walk_one_cm":160493,"minecraft:drop":18,"minecraft:damage_dealt":4565,"minecraft:swim_one_cm":5130,"minecraft:fly_one_cm":320151,"minecraft:player_kills":2,"minecraft:crouch_one_cm":5606,"minecraft:play_time":99028,"minecraft:deaths":6,"minecraft:sneak_time":4834,"minecraft:walk_under_water_one_cm":737,"minecraft:jump":1020,"minecraft:walk_on_water_one_cm":2452,"minecraft:total_world_time":99028,"minecraft:fall_one_cm":66215},"minecraft:used":{"minecraft:weathered_copper_bulb":1,"minecraft:flint_and_steel":1,"minecraft:redstone":10,"minecraft:stone_pickaxe":1,"minecraft:netherite_chestplate":1,"minecraft:oak_planks":3,"minecraft:wooden_pickaxe":17,"minecraft:cooked_chicken":3,"minecraft:torch":7,"minecraft:netherite_leggings":1,"minecraft:dirt":34,"minecraft:anvil":1,"minecraft:mutton":1,"minecraft:tnt":85,"minecraft:crafting_table":4,"minecraft:crafter":5,"minecraft:creeper_spawn_egg":220,"minecraft:obsidian":1,"minecraft:redstone_torch":14,"minecraft:sticky_piston":3,"minecraft:oak_log":2,"minecraft:lever":3,"minecraft:mace":19,"minecraft:wind_charge":16,"minecraft:grass_block":30,"minecraft:spruce_button":1,"minecraft:totem_of_undying":1,"minecraft:stone_axe":38,"minecraft:repeater":9,"minecraft:bow":78,"minecraft:end_crystal":148,"minecraft:furnace":1,"minecraft:porkchop":2,"minecraft:egg":76,"minecraft:cooked_beef":2,"minecraft:enchanted_golden_apple":6}},"DataVersion":3953}