{"stats":{"minecraft:mined":{"minecraft:furnace":1,"minecraft:crafting_table":4,"minecraft:short_grass":17,"minecraft:grass_block":3,"minecraft:oak_log":6,"minecraft:dirt":2,"minecraft:stone":17,"minecraft:sugar_cane":2},"minecraft:used":{"minecraft:stone_pickaxe":1,"minecraft:wooden_pickaxe":17,"minecraft:cooked_chicken":1,"minecraft:stone_axe":19,"minecraft:dirt":5,"minecraft:mutton":1,"minecraft:crafting_table":4,"minecraft:furnace":1,"minecraft:porkchop":2,"minecraft:cooked_beef":2},"minecraft:custom":{"minecraft:time_since_rest":13074,"minecraft:interact_with_furnace":5,"minecraft:sprint_one_cm":43383,"minecraft:damage_taken":200,"minecraft:walk_one_cm":17784,"minecraft:mob_kills":12,"minecraft:damage_dealt":1061,"minecraft:swim_one_cm":5130,"minecraft:interact_with_crafting_table":5,"minecraft:fly_one_cm":104367,"minecraft:crouch_one_cm":1308,"minecraft:play_time":13074,"minecraft:sneak_time":863,"minecraft:walk_under_water_one_cm":254,"minecraft:jump":477,"minecraft:leave_game":2,"minecraft:time_since_death":13074,"minecraft:walk_on_water_one_cm":2391,"minecraft:total_world_time":13074,"minecraft:fall_one_cm":11041},"minecraft:crafted":{"minecraft:cooked_beef":3,"minecraft:oak_planks":24,"minecraft:crafting_table":1,"minecraft:stick":8,"minecraft:cooked_chicken":3,"minecraft:wooden_pickaxe":1,"minecraft:stone_pickaxe":1,"minecraft:furnace":1,"minecraft:stone_axe":2,"minecraft:air":0},"minecraft:picked_up":{"minecraft:crafting_table":4,"minecraft:feather":4,"minecraft:chicken":3,"minecraft:leather":7,"minecraft:porkchop":2,"minecraft:oak_log":6,"minecraft:dirt":5,"minecraft:cooked_mutton":1,"minecraft:bone":2,"minecraft:arrow":2,"minecraft:wheat_seeds":4,"minecraft:beef":7,"minecraft:sugar_cane":6,"minecraft:oak_planks":8,"minecraft:mutton":3,"minecraft:white_wool":3,"minecraft:cobblestone":17,"minecraft:furnace":1},"minecraft:killed":{"minecraft:sheep":3,"minecraft:skeleton":1,"minecraft:pig":1,"minecraft:chicken":3,"minecraft:cow":4}},"DataVersion":3953}