{"stats":{"minecraft:mined":{"minecraft:short_grass":11,"minecraft:grass_block":1},"minecraft:used":{"minecraft:dirt":1,"minecraft:porkchop":2},"minecraft:custom":{"minecraft:jump":132,"minecraft:time_since_rest":2788,"minecraft:leave_game":1,"minecraft:damage_dealt":101,"minecraft:walk_on_water_one_cm":421,"minecraft:sprint_one_cm":7592,"minecraft:play_time":2788,"minecraft:damage_taken":100,"minecraft:time_since_death":2788,"minecraft:walk_one_cm":4062,"minecraft:total_world_time":2788,"minecraft:mob_kills":1,"minecraft:fall_one_cm":4077,"minecraft:fly_one_cm":28996},"minecraft:picked_up":{"minecraft:porkchop":2,"minecraft:wheat_seeds":3,"minecraft:dirt":1},"minecraft:killed":{"minecraft:pig":1}},"DataVersion":3953}